companyid;companyname;ticker;price;p_l;dy;p_vp;p_ebit;p_ativo;ev_ebit;margembruta;margemebit;margemliquida;p_sr;p_capitalgiro;p_ativocirculante;giroativos;roe;roa;roic;dividaliquidapatrimonioliquido;dividaliquidaebit;pl_ativo;passivo_ativo;liquidezcorrente;peg_ratio;receitas_cagr5;lucros_cagr5;liquidezmediadiaria;vpa;lpa;valormercado;segmentid;sectorid;subsectorid;subsectorname;segmentname;sectorname
496;NEOENERGIA S.A.;NEOE3;20,9;4,89;4,32;0,86;2,65;0,26;6,6;26,13;21,96;11,89;0,58;20,84;-0,34;0,45;17,61;5,33;12,45;1,29;3,96;0,3;0,7;1,06;0,21;15,85;66,47;21828567,35;24,28;4,28;25380500455,68;85;10,0;44,0;Energia Elétrica;Energia Elétrica;Utilidade Pública
316;NEXPE PARTICIPAÇÕES S.A;NEXP3;5,02;-0,1;;-0,09;-0,17;0,1;-0,79;86,77;-85,18;-147,0;0,14;-0,25;-0,16;0,73;-96,62;-107,69;97,23;;-0,63;-1,11;2,11;0,47;0,0;6,18;;11847,33;-53,94;-52,12;13330956,38;52;4,0;22,0;Exploração de Imóveis;Intermediação Imobiliária;Financeiro e Outros
659;NEOGRID PARTICIPACOES S.A.;NGRD3;1,24;31,94;1,19;0,65;-20,45;0,44;-8,87;63,47;-5,34;3,42;1,09;1,78;-0,77;0,4;2,03;1,38;-4,51;-0,37;11,58;0,68;0,32;2,37;0,07;10,18;3,51;505171,65;1,91;0,04;295941289,2;82;8,0;41,0;Programas e Serviços;Programas e Serviços;Tecnologia da Informação
773;GETNINJAS S.A.;NINJ3;4,93;83,81;;0,88;-9,22;0,82;0,96;91,84;-44,7;4,92;4,12;0,93;-13,7;0,2;1,05;0,98;-10,12;-0,97;10,18;0,94;0,06;16,07;-0,74;;;500784,13;5,61;0,06;250429293,81;82;8,0;41,0;Programas e Serviços;Programas e Serviços;Tecnologia da Informação
186;NORDON INDUSTRIAS METALURGICAS S.A.;NORD3;16,18;-14,12;;-0,68;22,22;5,7;28,89;91,45;211,48;-332,85;46,99;-0,66;-6,22;0,12;-4,8;-40,38;-4,03;;7,95;-8,41;9,41;0,01;2,16;23,27;;187331,12;-23,62;-1,13;99918223,74;8;1,0;3,0;Máquinas e Equipamentos;Máq. e Equip. Industriais;Bens Industriais
566;NORTEC QUÍMICA S.A.;NRTQ3;0,0;0,0;;0,0;0,0;0,0;0,32;27,82;17,1;18,21;0,0;0,0;0,0;0,68;17,37;12,36;12,35;0,05;0,32;0,71;0,29;4,82;0,0;9,53;24,53;;19,95;3,46;0,0;79;7,0;38,0;Medicamentos e Outros Produtos;Medicamentos e Outros Produtos;Saúde
301;NATURA &CO HOLDING S.A.;NTCO3;16,87;4,93;;0,83;-76,52;0,46;-74,5;64,98;-0,93;14,39;0,71;2,98;-0,71;0,65;16,95;9,39;-3,13;-0,02;1,84;0,55;0,45;1,82;-0,01;29,83;47,94;143614516,87;20,21;3,43;23340652950,78;50;3,0;21,0;Produtos de Uso Pessoal e de Limpeza;Produtos de Uso Pessoal;Consumo não Cíclico
586;NUTRIPLANT INDUSTRIA E COMERCIO S.A.;NUTR3;6,14;21,26;;2,47;7,71;0,77;8,28;16,12;6,42;2,33;0,5;2,32;-2,48;1,56;11,63;3,63;21,12;0,18;0,57;0,31;0,69;1,94;-0,38;36,34;;88078,84;2,48;0,29;81320616,0;69;5,0;33,0;Químicos;Fertilizantes e Defensivos;Materiais Básicos
288;CONSERVAS ODERICH S.A.;ODER4;98,91;7,44;0,63;2,24;5,93;1,27;6,57;30,41;18,23;14,52;1,08;2,58;-4,42;1,17;30,11;17,04;24,81;0,24;0,65;0,57;0,43;3,21;0,1;18,87;54,31;9450,5;44,13;13,29;1116407654,46;44;3,0;17,0;Alimentos Processados;Alimentos Diversos;Consumo não Cíclico
429;ODONTOPREV S.A.;ODPV3;11,92;13,39;2,14;4,49;10,8;3,17;10,2;40,91;28,94;23,34;3,13;-163,28;-4,05;1,01;33,5;23,65;27,76;-0,24;-0,57;0,71;0,29;0,92;0,47;5,77;-0,45;16150549,42;2,66;0,89;6569173433,07;80;7,0;39,0;Serv.Méd.Hospit..Análises e Diagnósticos;Serv.Méd.Hospit..Análises e Diagnósticos;Saúde
418;OURO FINO SAUDE ANIMAL PARTICIPACOES S.A.;OFSA3;23,6;-54,51;0,83;1,9;11,7;1,0;12,48;48,31;11,04;-2,37;1,29;2,63;-2,75;0,78;-3,49;-1,84;0,96;0,13;0,79;0,53;0,47;2,51;0,46;15,56;;350895,97;12,41;-0,43;1273196541,6;77;7,0;36,0;Comércio e Distribuição;Medicamentos e Outros Produtos;Saúde
405;ÓLEO E GÁS PARTICIPAÇÕES S.A.;OGXP3;1,63;-2,15;;-0,98;-9,26;0,92;-9,26;;;;;-0,98;;0,0;-45,53;-43,02;10,57;;0,0;-0,94;1,94;0,51;0,02;;;;-1,67;-0,76;52747073,84;76;6,0;35,0;Petróleo. Gás e Biocombustíveis;Exploração. Refino e Distribuição;Petróleo. Gás e Biocombustíveis
436;OI S.A.;OIBR3;0,61;-0,02;;-0,02;-0,02;0,01;-1,33;-3,74;-173,59;-224,73;0,04;-0,1;-0,02;0,34;-84,29;-76,06;1223,14;;-1,3;-0,9;1,9;0,72;0,0;-15,11;;2665621,19;-40,62;-34,24;424372409,7;83;9,0;42,0;Telecomunicações;Telecomunicações;Comunicações
436;OI S.A.;OIBR4;1,56;-0,05;;-0,04;-0,06;0,03;-1,33;-3,74;-173,59;-224,73;0,1;-0,26;-0,05;0,34;-84,29;-76,06;1223,14;;-1,3;-0,9;1,9;0,72;0,0;-15,11;;45240,0;-40,62;-34,24;424372409,7;83;9,0;42,0;Telecomunicações;Telecomunicações;Comunicações
476;OMEGA GERAÇÃO S.A.;OMGE3;27,57;60,97;;1294,14;14,84;443,36;14,86;28,35;29,22;7,11;4,34;17603,37;-525,74;102,22;2122,56;727,18;3736,63;1,1;0,01;0,34;0,66;1,19;-0,75;34,84;-2,04;;0,02;0,45;5521562588,85;85;10,0;44,0;Energia Elétrica;Energia Elétrica;Utilidade Pública
800;ONCOCLINICAS DO BRASIL SERVICOS MEDICOS S.A.;ONCO3;12,06;29,01;;2,87;8,25;0,74;12,16;35,93;14,63;4,16;1,21;7,3;-1,07;0,61;9,9;2,55;11,13;1,36;3,91;0,26;0,69;1,48;-0,01;;;24805256,94;4,2;0,42;6361428071,88;80;7,0;39,0;Serv.Méd.Hospit..Análises e Diagnósticos;Serv.Méd.Hospit..Análises e Diagnósticos;Saúde
682;OCEANPACT SERVICOS MARITIMOS S.A.;OPCT3;5,64;13,8;;1,42;4,33;0,47;8,1;22,65;16,79;5,27;0,73;5,41;-0,66;0,64;10,27;3,37;11,91;1,23;3,77;0,33;0,67;1,41;-0,08;47,73;62,06;4016413,61;3,97;0,41;1125772289,02;17;1,0;6,0;Transporte;Transporte Hidroviário;Bens Industriais
740;ORIZON VALORIZACAO DE RESIDUOS S.A.;ORVR3;35,35;-23,54;;4,75;22,08;1,31;29,18;30,63;17,55;-16,46;3,87;8,81;-1,8;0,34;-20,17;-5,56;5,58;1,53;7,11;0,28;0,7;2,22;-0,45;22,01;;16608226,19;7,44;-1,5;2932313926,15;84;10,0;43,0;Água e Saneamento;Água e Saneamento;Utilidade Pública
402;OSX BRASIL S.A.;OSXB3;4,54;-0,04;;0,0;0,02;0,01;10,15;90,64;1360,32;-767,58;0,33;-0,02;-0,01;0,02;-5,25;-12,01;-115,0;;10,13;-2,29;3,29;0,02;0,0;26,98;;20519,9;-1978,77;-103,9;13851367,2;75;6,0;35,0;Petróleo. Gás e Biocombustíveis;Equipamentos e Serviços;Petróleo. Gás e Biocombustíveis
427;INSTITUTO HERMES PARDINI S.A.;PARD3;20,25;36,76;10,64;5,3;19,27;2,1;19,93;26,45;13,31;6,98;2,57;-54,06;-3,28;0,82;14,42;5,7;14,8;0,18;0,66;0,4;0,6;0,9;-1,04;13,44;2,56;7882065,83;3,82;0,55;5403493010,25;80;7,0;39,0;Serv.Méd.Hospit..Análises e Diagnósticos;Serv.Méd.Hospit..Análises e Diagnósticos;Saúde
394;PANATLANTICA S.A.;PATI3;29,4;134,74;1,64;0,83;16,39;0,41;14,09;8,88;2,27;0,28;0,37;0,84;-1,76;1,11;0,62;0,31;1,75;-0,12;-2,39;0,5;0,5;2,78;-1,45;23,42;-21,3;10264,09;35,34;0,22;707302678,2;73;5,0;34,0;Siderurgia e Metalurgia;Artefatos de Ferro e Aço;Materiais Básicos
394;PANATLANTICA S.A.;PATI4;33,0;151,24;6,39;0,93;18,4;0,46;14,09;8,88;2,27;0,28;0,42;0,94;-1,98;1,11;0,62;0,31;1,75;-0,12;-2,39;0,5;0,5;2,78;-1,63;23,42;-21,3;7301,0;35,34;0,22;707302678,2;73;5,0;34,0;Siderurgia e Metalurgia;Artefatos de Ferro e Aço;Materiais Básicos
299;CIA BRASILEIRA DE DISTRIBUICAO;PCAR3;4,45;-0,41;;0,24;-2,33;0,05;-6,78;-79,59;-212,24;-1200,41;4,95;0,64;-0,08;0,01;-58,63;-12,96;-11,07;0,46;-4,44;0,22;0,78;1,32;0,0;-17,25;;52285448,71;18,57;-10,89;1212924419,81;47;3,0;19,0;Comércio e Distribuição;Alimentos;Consumo não Cíclico
299;CIA BRASILEIRA DE DISTRIBUICAO;PCAR4;72,11;-6,62;;3,88;-37,46;0,86;-6,78;-79,59;-212,24;-1200,41;79,51;10,23;-1,32;0,01;-58,63;-12,96;-11,07;0,46;-4,44;0,22;0,78;1,32;0,03;-17,25;;;18,57;-10,89;1212924419,81;47;3,0;19,0;Comércio e Distribuição;Alimentos;Consumo não Cíclico
239;PDG REALTY S.A. EMPREEND E PARTICIPACOES;PDGR3;0,41;-0,03;;-0,01;-1,08;0,03;-47,37;60,91;-21,85;-681,34;0,24;-0,01;-0,13;0,13;-17,17;-87,98;2,46;;-46,29;-5,12;6,19;0,22;0,0;-23,6;;5724560,42;-69,17;-11,88;31892453,11;23;2,0;9,0;Construção Civil;Incorporações;Consumo Cíclico
370;PADTEC HOLDING S.A.;PDTC3;3,0;10,69;;1,59;6,24;0,45;7,89;35,71;10,17;5,93;0,63;1,22;-1,48;0,71;14,89;4,19;13,54;0,42;1,65;0,28;0,72;2,1;0,01;276,1;3,91;245210,68;1,93;0,29;243981165,12;62;4,0;28,0;Serviços Financeiros Diversos;Serviços Financeiros Diversos;Financeiro e Outros
320;CIA PARTICIPACOES ALIANCA DA BAHIA;PEAB3;36,0;20,5;0,82;0,67;25,1;0,53;22,71;81,61;36,95;45,24;9,28;1,87;-0,76;0,06;3,27;2,58;1,61;-0,17;-6,23;0,79;0,21;12,49;-0,17;-34,5;-9,41;41600,5;53,74;1,76;533350788,39;53;4,0;23,0;Holdings Diversificadas;Holdings Diversificadas;Financeiro e Outros
320;CIA PARTICIPACOES ALIANCA DA BAHIA;PEAB4;47,01;26,77;0,69;0,87;32,78;0,69;22,71;81,61;36,95;45,24;12,11;2,44;-1,0;0,06;3,27;2,58;1,61;-0,17;-6,23;0,79;0,21;12,49;-0,22;-34,5;-9,41;111845,9;53,74;1,76;533350788,39;53;4,0;23,0;Holdings Diversificadas;Holdings Diversificadas;Financeiro e Outros
408;PETROLEO BRASILEIRO S.A. PETROBRAS;PETR3;39,33;3,75;18,61;1,33;2,47;0,5;3,58;51,08;38,69;25,53;0,96;-70,67;-0,58;0,52;35,47;13,35;21,54;0,62;1,15;0,38;0,62;0,95;-0,17;17,72;;346228527,39;29,59;10,5;505365265637,34;76;6,0;35,0;Petróleo. Gás e Biocombustíveis;Exploração. Refino e Distribuição;Petróleo. Gás e Biocombustíveis
408;PETROLEO BRASILEIRO S.A. PETROBRAS;PETR4;37,97;3,62;19,28;1,28;2,39;0,48;3,58;51,08;38,69;25,53;0,92;-68,21;-0,56;0,52;35,47;13,35;21,54;0,62;1,15;0,38;0,62;0,95;-0,16;17,72;;1275601432,77;29,59;10,5;505365265637,34;76;6,0;35,0;Petróleo. Gás e Biocombustíveis;Exploração. Refino e Distribuição;Petróleo. Gás e Biocombustíveis
627;PET CENTER COMERCIO E PARTICIPACOES S.A.;PETZ3;3,5;50,67;0,3;0,9;11,6;0,41;11,49;46,61;4,46;1,02;0,52;2,51;-0,62;0,79;1,78;0,81;5,4;-0,01;-0,11;0,45;0,55;1,9;-1,08;36,54;22,89;54295556,61;3,9;0,07;1623457492,02;21;2,0;8,0;Comércio;Produtos Diversos;Consumo Cíclico
419;PROFARMA DISTRIB PROD FARMACEUTICOS S.A.;PFRM3;4,69;12,56;;0,46;2,53;0,12;4,83;14,64;2,71;0,54;0,07;0,66;-0,43;1,82;3,69;0,99;10,16;0,42;2,3;0,27;0,67;1,37;-0,27;13,77;;1953529,1;10,19;0,38;584396288,56;77;7,0;36,0;Comércio e Distribuição;Medicamentos e Outros Produtos;Saúde
624;EMPREENDIMENTOS PAGUE MENOS S.A.;PGMN3;3,54;-9,54;5,25;0,75;3,97;0,22;6,47;31,86;4,4;-1,83;0,17;1,35;-0,45;1,26;-7,86;-2,31;7,28;0,47;2,5;0,29;0,71;1,48;0,03;9,03;;5167586,94;4,72;-0,37;1917902828,4;77;7,0;36,0;Comércio e Distribuição;Medicamentos e Outros Produtos;Saúde
342;BCO PINE S.A.;PINE3;4,99;7,42;12,6;1,07;6,36;0,05;5,98;15,73;8,85;7,58;0,56;;-0,05;0,1;14,41;0,72;;;;0,05;0,95;;0,02;8,44;;1937,5;4,67;0,67;980658265,56;54;4,0;24,0;Intermediários Financeiros;Bancos;Financeiro e Outros
342;BCO PINE S.A.;PINE4;4,36;6,53;14,32;0,94;5,59;0,05;5,98;15,73;8,85;7,58;0,49;;-0,05;0,1;14,41;0,72;;;;0,05;0,95;;0,02;8,44;;3017090,0;4,67;0,67;980658265,56;54;4,0;24,0;Intermediários Financeiros;Bancos;Financeiro e Outros
214;PLASCAR PARTICIPACOES INDUSTRIAIS S.A.;PLAS3;7,21;6,23;;-0,25;1,91;0,13;8,0;11,34;5,12;1,57;0,1;-0,35;-0,19;1,38;-4,02;2,15;19,94;;6,09;-0,54;1,54;0,43;-0,05;16,19;;3930,0;-28,77;1,16;89587263,78;19;2,0;7,0;Automóveis e Motocicletas;Automóveis e Motocicletas;Consumo Cíclico
629;PLANO & PLANO DESENVOLVIMENTO IMOBILIÁRIO S.A.;PLPL3;11,89;9,95;1,35;4,05;8,47;1,22;8,89;33,71;15,29;13,02;1,3;2,15;-8,52;0,94;40,72;12,27;22,01;0,2;0,42;0,3;0,68;2,96;0,07;;;12653331,81;2,92;1,19;2420433600,0;23;2,0;9,0;Construção Civil;Incorporações;Consumo Cíclico
391;PARANAPANEMA S.A.;PMAM3;4,13;-0,06;;-0,04;-0,11;0,09;-2,38;-57,2;-149,43;-297,02;0,17;-0,05;-0,14;0,56;-78,99;-166,84;427,96;;-2,27;-2,11;3,11;0,15;0,0;-10,58;;93313,52;-92,34;-72,94;179257896,37;72;5,0;34,0;Siderurgia e Metalurgia;Artefatos de Cobre;Materiais Básicos
416;DIMED S.A. DISTRIBUIDORA DE MEDICAMENTOS;PNVL3;12,2;20,71;0,44;1,6;11,63;0,62;16,8;30,91;3,62;2,04;0,42;2,52;-1,51;1,47;7,73;2,99;6,9;0,71;5,17;0,39;0,61;1,71;6,77;12,06;8,04;5177854,23;7,57;0,59;1822575069,72;77;7,0;36,0;Comércio e Distribuição;Medicamentos e Outros Produtos;Saúde
416;DIMED S.A. DISTRIBUIDORA DE MEDICAMENTOS;PNVL4;18,62;31,81;;2,46;17,87;0,95;16,8;30,91;3,62;2,04;0,65;3,87;-2,31;1,47;7,73;2,99;6,9;0,71;5,17;0,39;0,61;1,71;10,41;12,06;8,04;;7,57;0,59;1822575069,72;77;7,0;36,0;Comércio e Distribuição;Medicamentos e Outros Produtos;Saúde
192;MARCOPOLO S.A.;POMO3;5,62;6,68;4,13;1,58;7,43;0,7;10,23;21,68;11,16;12,41;0,83;2,15;-1,77;0,84;23,64;10,46;10,28;0,31;1,44;0,44;0,55;2,16;0,03;13,49;61,66;1500037,45;3,56;0,84;6296018089,02;11;1,0;4,0;Material de Transporte;Material Rodoviário;Bens Industriais
192;MARCOPOLO S.A.;POMO4;7,25;8,59;4,59;2,03;9,55;0,9;10,23;21,68;11,16;12,41;1,07;2,77;-2,28;0,84;23,64;10,46;10,28;0,31;1,44;0,44;0,55;2,16;0,04;13,49;61,66;54468495,58;3,56;0,84;6296018089,02;11;1,0;4,0;Material de Transporte;Material Rodoviário;Bens Industriais
201;WILSON SONS HOLDINGS BRASIL S.A.;PORT3;16,93;18,85;3,72;3,26;11,36;1,3;15,09;44,66;27,84;16,78;3,16;-52,09;-1,51;0,41;17,27;6,89;10,67;1,07;3,73;0,4;0,6;0,85;0,35;7,48;11,5;3559803,58;5,22;0,9;7484211189,0;14;1,0;6,0;Transporte;Serviços de Apoio e Armazenagem;Bens Industriais
432;POSITIVO TECNOLOGIA S.A.;POSI3;6,61;4,9;7,78;0,65;1,91;0,22;3,69;30,03;13,75;5,35;0,26;0,61;-1,15;0,86;13,21;4,58;17,99;0,61;1,78;0,35;0,65;1,83;-0,63;21,15;;8295116,35;10,21;1,35;937298000,0;81;8,0;40,0;Computadores e Equipamentos;Computadores e Equipamentos;Tecnologia da Informação
679;FOCUS ENERGIA HOLDING PARTICIPAÇÕES S.A;POWE3;10,9;23,92;;0,99;17,55;0,38;10,6;6,82;3,52;2,59;0,62;6,57;-0,74;0,61;4,13;1,58;3,81;-0,39;-6,96;0,38;0,62;1,13;-1,77;;;;11,02;0,46;977237930,4;85;10,0;44,0;Energia Elétrica;Energia Elétrica;Utilidade Pública
567;POLPAR S.A.;PPAR3;14,6;0,82;85,96;0,04;1,03;0,03;-1,7;;;;;0,37;-0,03;0,0;5,05;3,65;3,84;-0,11;-2,73;0,72;0,28;84,67;0,02;;37,08;;352,82;17,82;2160800,0;57;4,0;25,0;Outros;Outros;Financeiro e Outros
365;PPLA PARTICIPATIONS LTD.;PPLA11;3,79;-5333,79;;1333,45;-5333,79;12,96;-5333,79;;;;;-10667,58;-1185,29;0,0;-25,0;-0,24;;;;0,01;0,99;1,0;45,13;;;965,61;0,0;0,0;10667584,14;61;4,0;28,0;Serviços Financeiros Diversos;Gestão de Recursos e Investimentos;Financeiro e Outros
406;PETRO RIO S.A.;PRIO3;44,67;8,76;0,16;3,1;7,13;1,4;8,61;62,28;55,18;44,93;3,94;32,49;-1,7;0,36;35,33;15,98;22,46;0,64;1,48;0,45;0,55;1,32;0,29;64,15;145,76;493381475,81;14,46;5,11;39928602645,84;76;6,0;35,0;Petróleo. Gás e Biocombustíveis;Exploração. Refino e Distribuição;Petróleo. Gás e Biocombustíveis
175;PRINER SERVIÇOS INDUSTRIAIS S.A.;PRNR3;11,04;-1589,35;;1,9;4,63;0,59;6,57;20,94;9,2;-0,03;0,43;3,58;-1,21;1,39;-0,12;-0,04;13,66;0,79;1,93;0,31;0,67;1,49;15,78;28,03;;2345382,74;5,84;-0,01;430714404,99;12;1,0;5,0;Serviços;Serviços Diversos;Bens Industriais
361;PORTO SEGURO S.A.;PSSA3;27,17;8,09;5,19;1,48;7,73;0,32;2,69;100,0;7,28;6,95;0,56;5,71;-0,96;0,57;18,33;3,97;11,13;-0,97;-5,03;0,22;0,78;1,09;0,08;10,41;14,57;41465154,84;18,34;3,36;17587140832,0;59;4,0;26,0;Previdência e Seguros;Seguradoras;Financeiro e Outros
169;PBG S/A;PTBL3;6,65;-23,25;3,16;2,45;6,31;0,31;12,16;39,65;6,96;-1,89;0,44;-41,76;-0,51;0,7;-10,54;-1,33;9,19;2,27;5,85;0,13;0,87;0,98;0,19;16,49;;4666463,16;2,71;-0,29;936152923,04;4;1,0;2,0;Construção e Engenharia;Produtos para Construção;Bens Industriais
187;PRATICA KLIMAQUIP INDUSTRIA E COMERCIO SA;PTCA11;0,0;0,0;;0,0;0,0;0,0;1,09;46,88;14,11;8,55;0,0;0,0;0,0;1,16;26,22;9,9;16,76;0,47;1,09;0,38;0,62;1,96;0,0;21,08;27,39;;28,81;7,55;0,0;8;1,0;3,0;Máquinas e Equipamentos;Máq. e Equip. Industriais;Bens Industriais
187;PRATICA KLIMAQUIP INDUSTRIA E COMERCIO SA;PTCA3;0,0;0,0;;0,0;0,0;0,0;1,09;46,88;14,11;8,55;0,0;0,0;0,0;1,16;26,22;9,9;16,76;0,47;1,09;0,38;0,62;1,96;0,0;21,08;27,39;;28,81;7,55;0,0;8;1,0;3,0;Máquinas e Equipamentos;Máq. e Equip. Industriais;Bens Industriais
267;PETTENATI S.A. INDUSTRIA TEXTIL;PTNT3;11,96;11,51;;1,53;7,38;0,67;7,1;17,15;9,51;6,09;0,7;2,49;-1,37;0,96;13,32;5,83;9,21;0,24;1,14;0,44;0,47;2,11;-0,44;11,78;15,14;36133,45;7,8;1,04;463813705,04;33;2,0;13,0;Tecidos. Vestuário e Calçados;Fios e Tecidos;Consumo Cíclico
267;PETTENATI S.A. INDUSTRIA TEXTIL;PTNT4;8,5;8,18;;1,09;5,24;0,48;7,1;17,15;9,51;6,09;0,5;1,77;-0,98;0,96;13,32;5,83;9,21;0,24;1,14;0,44;0,47;2,11;-0,31;11,78;15,14;77020,53;7,8;1,04;463813705,04;33;2,0;13,0;Tecidos. Vestuário e Calçados;Fios e Tecidos;Consumo Cíclico
409;QGEP PARTICIPAÇÕES S.A.;QGEP3;14,54;55,89;1,03;1,0;15,16;0,47;17,65;36,94;15,75;4,27;2,39;3,73;-0,67;0,2;1,78;0,85;3,15;0,16;2,49;0,47;0,53;1,77;-0,59;34,1;-28,0;;14,58;0,26;3864832398,7;76;;;;;
430;QUALICORP CONSULTORIA E CORRETORA DE SEGUROS S.A.;QUAL3;2,98;-21,12;2,66;0,64;8,98;0,18;22,76;77,16;5,27;-2,24;0,47;3,81;-0,28;0,38;-3,02;-0,86;1,02;0,98;13,78;0,28;0,71;1,16;0,18;-1,22;;15825167,1;4,67;-0,14;846362688,5;80;7,0;39,0;Serv.Méd.Hospit..Análises e Diagnósticos;Serv.Méd.Hospit..Análises e Diagnósticos;Saúde
568;QUALITY SOFTWARE S.A.;QUSW3;0,0;0,0;;0,0;0,0;0,0;1,21;89,05;50,37;21,46;0,0;0,0;0,0;0,33;20,69;6,99;21,6;0,59;1,21;0,34;0,66;1,56;0,0;-6,67;;;88,35;18,28;0,0;82;8,0;41,0;Programas e Serviços;Programas e Serviços;Tecnologia da Informação
348;524 PARTICIPACOES S.A.;QVQP3B;0,0;0,0;;0,0;0,0;0,0;1,22;;;;;0,0;;0,0;-68,49;-68,49;-80,14;-0,98;1,22;1,0;0,0;;0,0;;;;0,0;0,0;0,0;57;4,0;25,0;Outros;Outros;Financeiro e Outros
420;RAIA DROGASIL S.A.;RADL3;27,48;43,74;0,71;8,25;22,87;2,44;24,07;29,98;6,28;3,28;1,44;13,04;-5,85;1,7;18,86;5,57;21,88;0,43;1,2;0,3;0,7;1,47;1,95;17,08;16,12;111708255,19;3,33;0,63;47210837856,0;77;7,0;36,0;Comércio e Distribuição;Medicamentos e Outros Produtos;Saúde
207;RUMO S.A.;RAIL3;21,88;42,14;0,3;2,54;10,87;0,82;14,12;36,76;35,38;9,13;3,85;7,12;-1,07;0,21;6,04;1,95;10,08;0,76;3,25;0,32;0,67;1,99;-0,04;10,6;;268714754,77;8,59;0,52;40547435225,14;16;1,0;6,0;Transporte;Transporte Ferroviário;Bens Industriais
798;RAIZEN S.A.;RAIZ4;3,75;11,46;7,11;1,7;3,49;0,35;6,33;7,99;4,97;1,52;0,17;14,64;-0,61;2,0;14,79;3,04;14,92;1,38;2,84;0,21;0,79;1,06;0,07;;;76539405,81;2,21;0,33;38821910565,0;76;6,0;35,0;Petróleo. Gás e Biocombustíveis;Exploração. Refino e Distribuição;Petróleo. Gás e Biocombustíveis
374;Irani Papel e Embalagem S.A.;RANI3;10,22;5,45;8,35;1,95;3,82;0,72;5,41;46,85;40,73;28,58;1,56;2,93;-1,09;0,47;35,81;13,31;17,18;0,81;1,59;0,37;0,63;3,91;0,18;14,44;;9425202,81;5,24;1,88;2517792240,18;63;5,0;29,0;Embalagens;Embalagens;Materiais Básicos
374;Irani Papel e Embalagem S.A.;RANI4;5,5;2,93;;1,05;2,06;0,39;5,41;46,85;40,73;28,58;0,84;1,58;-0,58;0,47;35,81;13,31;17,18;0,81;1,59;0,37;0,63;3,91;0,1;14,44;;;5,24;1,88;2517792240,18;63;5,0;29,0;Embalagens;Embalagens;Materiais Básicos
194;RANDON S.A. IMPLEMENTOS E PARTICIPACOES;RAPT3;11,34;8,98;5,13;1,27;2,8;0,29;5,03;25,06;11,93;3,72;0,33;0,96;-0,7;0,88;14,12;3,26;11,63;0,97;2,14;0,23;0,68;2,1;-0,4;30,59;54,84;225959,39;8,94;1,26;3849528347,46;11;1,0;4,0;Material de Transporte;Material Rodoviário;Bens Industriais
194;RANDON S.A. IMPLEMENTOS E PARTICIPACOES;RAPT4;11,82;9,41;4,9;1,33;2,93;0,31;5,03;25,06;11,93;3,72;0,35;1,01;-0,74;0,88;14,12;3,26;11,63;0,97;2,14;0,23;0,68;2,1;-0,42;30,59;54,84;22269333,61;8,94;1,26;3849528347,46;11;1,0;4,0;Material de Transporte;Material Rodoviário;Bens Industriais
195;RECRUSUL S.A.;RCSL3;3,26;-30,29;;3621,16;76,6;6,85;36,93;12,72;8,87;-22,44;6,8;50,46;-13,44;1,01;-11956,9;-22,62;4853,1;-0,42;-0,01;0,0;1,0;1,38;-0,09;362,53;;12350259,52;0,0;-0,11;202545746,33;11;1,0;4,0;Material de Transporte;Material Rodoviário;Bens Industriais
195;RECRUSUL S.A.;RCSL4;0,74;-6,7;;801,04;16,94;1,52;36,93;12,72;8,87;-22,44;1,5;11,16;-2,97;1,01;-11956,9;-22,62;4853,1;-0,42;-0,01;0,0;1,0;1,38;-0,02;362,53;;2714263,48;0,0;-0,11;202545746,33;11;1,0;4,0;Material de Transporte;Material Rodoviário;Bens Industriais
240;RNI NEGÓCIOS IMOBILIÁRIOS S.A.;RDNI3;4,52;6,57;3,19;0,34;9,94;0,08;47,63;23,85;3,42;5,18;0,34;0,84;-0,12;0,25;5,18;1,29;0,04;1,29;37,68;0,25;0,74;1,55;0,09;18,15;;61522,0;13,28;0,69;197839532,16;23;2,0;9,0;Construção Civil;Incorporações;Consumo Cíclico
657;REDE D OR SÃO LUIZ S.A.;RDOR3;27,01;36,25;1,37;2,72;14,45;0,64;14,93;17,33;10,55;4,21;1,53;2,2;-1,21;0,42;7,49;1,78;6,86;0,09;0,48;0,24;0,75;2,7;1,49;;;118833016,19;9,95;0,75;61856685781,8;80;7,0;39,0;Serv.Méd.Hospit..Análises e Diagnósticos;Serv.Méd.Hospit..Análises e Diagnósticos;Saúde
772;PETRORECÔNCAVO S.A.;RECV3;22,96;7,24;4,31;1,52;7,42;0,97;7,64;37,04;31,28;32,08;2,32;49,16;-1,2;0,42;21,02;13,47;16,17;0,04;0,22;0,64;0,36;1,12;0,52;;;60669019,9;15,1;3,17;6737976754,22;76;6,0;35,0;Petróleo. Gás e Biocombustíveis;Exploração. Refino e Distribuição;Petróleo. Gás e Biocombustíveis
477;REDE ENERGIA PARTICIPAÇÕES S.A.;REDE3;6,5;9,87;10,46;2,46;3,96;0,54;6,77;30,1;23,48;9,43;0,93;32,43;-0,74;0,58;24,89;5,5;17,54;1,74;2,81;0,22;0,78;1,07;-12,57;10,99;67,22;53143,74;2,77;0,69;14350198943,2;85;10,0;44,0;Energia Elétrica;Energia Elétrica;Utilidade Pública
246;LOCALIZA RENT A CAR S.A.;RENT3;60,94;42,09;1,85;2,58;12,23;0,88;17,54;29,04;19,78;5,75;2,42;249,89;-1,11;0,36;6,13;2,09;8,55;1,12;5,31;0,34;0,66;1,02;-2,62;24,03;25,03;343800877,68;23,59;1,45;65036323973,91;24;2,0;10,0;Diversos;Aluguel de carros;Consumo Cíclico
204;COSAN LOGISTICA S.A.;RLOG3;23,08;82,76;;4,26;5,17;0,23;12,09;34,71;29,67;1,85;1,53;1,49;-0,31;0,15;5,15;0,28;5,46;5,71;6,92;0,05;0,71;2,64;-2,42;50,58;4,37;;5,41;0,28;10691215482,28;16;1,0;6,0;Transporte;Transporte Ferroviário;Bens Industriais
478;RENOVA ENERGIA S.A.;RNEW11;4,09;0,55;;0,42;0,44;0,12;1,75;12,74;321,87;254,92;1,41;-0,91;-0,13;0,09;76,22;22,51;41,54;1,26;1,31;0,3;0,7;0,19;0,0;-22,41;;69445,71;9,71;7,4;340129793,35;85;10,0;44,0;Energia Elétrica;Energia Elétrica;Utilidade Pública
478;RENOVA ENERGIA S.A.;RNEW3;1,33;0,55;;0,42;0,43;0,12;1,75;12,74;321,87;254,92;1,4;-0,9;-0,13;0,09;76,22;22,51;41,54;1,26;1,31;0,3;0,7;0,19;0,0;-22,41;;245254,39;3,24;2,47;340129793,35;85;10,0;44,0;Energia Elétrica;Energia Elétrica;Utilidade Pública
478;RENOVA ENERGIA S.A.;RNEW4;1,33;0,54;;0,41;0,43;0,12;1,75;12,74;321,87;254,92;1,38;-0,89;-0,13;0,09;76,22;22,51;41,54;1,26;1,31;0,3;0,7;0,19;0,0;-22,41;;390084,84;3,24;2,47;340129793,35;85;10,0;44,0;Energia Elétrica;Energia Elétrica;Utilidade Pública
182;INDUSTRIAS ROMI S.A.;ROMI3;12,65;4,84;7,7;0,99;3,99;0,49;5,75;33,04;19,2;15,83;0,77;1,42;-1,28;0,64;20,47;10,2;11,62;0,44;1,76;0,5;0,5;2,31;0,35;18,8;43,87;3715426,23;12,78;2,62;1124260350,15;8;1,0;3,0;Máquinas e Equipamentos;Máq. e Equip. Industriais;Bens Industriais
324;ALFA HOLDINGS S.A.;RPAD3;7,94;20,11;;0,61;25,74;0,61;23,17;;;;;11,67;-0,64;0,0;3,04;3,02;2,27;-0,06;-2,36;1,0;0,0;12,57;-0,43;;-5,15;6689,22;13,0;0,39;666963326,68;54;4,0;24,0;Intermediários Financeiros;Bancos;Financeiro e Outros
324;ALFA HOLDINGS S.A.;RPAD5;7,8;19,76;6,4;0,6;25,28;0,6;23,17;;;;;11,47;-0,63;0,0;3,04;3,02;2,27;-0,06;-2,36;1,0;0,0;12,57;-0,42;;-5,15;23941,08;13,0;0,39;666963326,68;54;4,0;24,0;Intermediários Financeiros;Bancos;Financeiro e Outros
324;ALFA HOLDINGS S.A.;RPAD6;7,46;18,9;;0,57;24,18;0,57;23,17;;;;;10,97;-0,61;0,0;3,04;3,02;2,27;-0,06;-2,36;1,0;0,0;12,57;-0,4;;-5,15;5004,88;13,0;0,39;666963326,68;54;4,0;24,0;Intermediários Financeiros;Bancos;Financeiro e Outros
410;REFINARIA DE PETROLEOS MANGUINHOS S.A.;RPMG3;2,05;-0,17;;-0,03;-0,14;0,02;-0,14;-13,15;-20,51;-16,72;0,03;-0,03;-0,37;0,83;-16,32;-13,94;20,03;;0,0;-0,85;1,85;0,55;0,02;48,3;;14206,68;-74,73;-12,19;138767839,45;76;6,0;35,0;Petróleo. Gás e Biocombustíveis;Exploração. Refino e Distribuição;Petróleo. Gás e Biocombustíveis
650;3R PETROLEUM ÓLEO E GÁS S.A;RRRP3;29,64;-195,15;;1,38;11,71;0,37;24,37;31,72;14,54;-0,87;1,7;124,52;-0,43;0,22;-0,71;-0,19;3,11;1,5;12,66;0,27;0,73;1,02;1,67;118,19;;187414780,9;21,61;-0,15;7177949166,57;76;6,0;35,0;Petróleo. Gás e Biocombustíveis;Exploração. Refino e Distribuição;Petróleo. Gás e Biocombustíveis
241;ROSSI RESIDENCIAL S.A.;RSID3;3,67;-0,14;;-0,06;-0,24;0,12;-2,22;125,92;660,98;1099,95;;-0,06;-0,25;-0,08;-41,43;-82,6;50,63;;-1,98;-1,99;3,0;0,22;0,0;;;262339,13;-62,42;-25,86;74200000,0;23;2,0;9,0;Construção Civil;Incorporações;Consumo Cíclico
193;METALURGICA RIOSULENSE S.A.;RSUL3;0,0;0,0;;0,0;0,0;0,0;1,48;41,84;27,58;16,95;0,0;0,0;0,0;1,02;34,14;17,29;36,19;-0,3;-0,54;0,51;0,49;2,32;0,0;26,29;10,59;;29,31;10,01;199618000,0;11;1,0;4,0;Material de Transporte;Material Rodoviário;Bens Industriais
193;METALURGICA RIOSULENSE S.A.;RSUL4;80,3;8,0;3,64;2,73;4,91;1,38;1,48;41,84;27,58;16,95;1,36;4,51;-3,0;1,02;34,14;17,29;36,19;-0,3;-0,54;0,51;0,49;2,32;-4,69;26,29;10,59;154417,93;29,31;10,01;199618000,0;11;1,0;4,0;Material de Transporte;Material Rodoviário;Bens Industriais
343;BCO SANTANDER (BRASIL) S.A.;SANB11;29,96;12,01;5,57;0,99;18,51;0,1;18,48;16,51;6,05;9,32;1,12;;-0,1;0,09;8,25;0,83;;;;0,1;0,9;;-0,3;10,04;0,94;50409989,26;30,24;2,49;112178024522,96;54;4,0;24,0;Intermediários Financeiros;Bancos;Financeiro e Outros
343;BCO SANTANDER (BRASIL) S.A.;SANB3;14,0;11,23;5,67;0,93;17,3;0,09;18,48;16,51;6,05;9,32;1,05;;-0,1;0,09;8,25;0,83;;;;0,1;0,9;;-0,28;10,04;0,94;1437243,55;15,12;1,25;112178024522,96;54;4,0;24,0;Intermediários Financeiros;Bancos;Financeiro e Outros
343;BCO SANTANDER (BRASIL) S.A.;SANB4;15,96;12,8;5,47;1,06;19,72;0,11;18,48;16,51;6,05;9,32;1,19;;-0,11;0,09;8,25;0,83;;;;0,1;0,9;;-0,32;10,04;0,94;1562393,65;15,12;1,25;112178024522,96;54;4,0;24,0;Intermediários Financeiros;Bancos;Financeiro e Outros
443;CIA SANEAMENTO DO PARANA - SANEPAR;SAPR11;28,88;5,86;5,25;0,92;3,89;0,48;5,83;60,1;36,99;24,53;1,44;11,06;-0,56;0,33;15,68;8,13;11,45;0,46;1,96;0,52;0,48;1,41;0,19;7,96;16,77;26711944,06;31,42;4,93;8689431734,25;84;10,0;43,0;Água e Saneamento;Água e Saneamento;Utilidade Pública
443;CIA SANEAMENTO DO PARANA - SANEPAR;SAPR3;5,48;5,56;5,12;0,87;3,69;0,45;5,83;60,1;36,99;24,53;1,36;10,49;-0,53;0,33;15,68;8,13;11,45;0,46;1,96;0,52;0,48;1,41;0,18;7,96;16,77;1494485,77;6,28;0,99;8689431734,25;84;10,0;43,0;Água e Saneamento;Água e Saneamento;Utilidade Pública
443;CIA SANEAMENTO DO PARANA - SANEPAR;SAPR4;5,81;5,89;5,31;0,92;3,91;0,48;5,83;60,1;36,99;24,53;1,45;11,12;-0,56;0,33;15,68;8,13;11,45;0,46;1,96;0,52;0,48;1,41;0,19;7,96;16,77;11336400,26;6,28;0,99;8689431734,25;84;10,0;43,0;Água e Saneamento;Água e Saneamento;Utilidade Pública
483;GRUPO SBF SA;SBFG3;11,51;15,36;1,18;1,14;5,51;0,34;11,32;47,85;7,45;2,67;0,41;1,59;-0,7;0,83;7,42;2,22;8,13;1,2;5,81;0,3;0,7;1,71;-0,32;26,04;-5,21;20369192,06;10,1;0,75;2807297049,6;21;2,0;8,0;Comércio;Produtos Diversos;Consumo Cíclico
441;CIA SANEAMENTO BASICO EST SAO PAULO;SBSP3;76,68;17,59;1,66;1,77;9,98;0,89;13,03;35,05;21,66;12,29;2,16;-4185,56;-1,01;0,41;10,07;5,05;8,62;0,54;3,05;0,5;0,5;1,0;-8,0;8,59;3,41;172741918,48;43,3;4,36;52391031458,85;84;10,0;43,0;Água e Saneamento;Água e Saneamento;Utilidade Pública
314;SAO CARLOS EMPREEND E PARTICIPACOES S.A.;SCAR3;26,57;40,51;;1,01;5,35;0,44;10,76;47,81;36,38;4,81;1,95;1,6;-0,67;0,23;2,48;1,08;7,97;1,02;5,41;0,44;0,56;4,63;-0,26;-6,96;-20,5;540735,87;26,43;0,66;1534080565,83;51;4,0;22,0;Exploração de Imóveis;Exploração de Imóveis;Financeiro e Outros
255;SOMOS EDUCAÇÃO S.A.;SEDU3;23,8;-13,36;;15,0;-21,89;1,53;-27,94;48,36;-15,73;-25,77;3,44;57,9;-2,27;0,44;-112,29;-11,46;-13,15;4,15;-6,05;0,1;0,9;1,09;0,01;12,49;;;1,59;-1,78;6238667820,0;26;2,0;10,0;Diversos;Serviços Educacionais;Consumo Cíclico
254;SER EDUCACIONAL S.A.;SEER3;6,65;-5,38;;0,71;12,36;0,25;19,87;50,44;3,87;-8,88;0,48;10,53;-0,32;0,52;-13,22;-4,64;3,35;0,43;7,55;0,35;0,65;1,13;-0,08;6,36;;8024364,26;9,35;-1,24;853423942,8;26;2,0;10,0;Diversos;Serviços Educacionais;Consumo Cíclico
639;SEQUOIA LOGISTICA E TRANSPORTES S.A;SEQL3;0,55;-0,4;;1,53;-0,62;0,11;-3,75;5,07;-29,02;-45,21;0,18;-0,81;-0,15;0,63;-382,42;-28,65;-31,37;7,68;-3,13;0,07;0,93;0,64;0,0;;;11316592,77;0,36;-1,38;193523679,8;108;1,0;6,0;Transporte;Logística;Bens Industriais
268;SPRINGS GLOBAL PARTICIPACOES S.A.;SGPS3;1,22;-0,08;;0,37;-0,16;0,02;-2,39;2,36;-39,02;-77,23;0,06;-0,07;-0,03;0,39;-470,13;-30,47;-33,93;5,3;-2,23;0,06;0,94;0,45;0,0;-2,95;;1481242,1;3,31;-15,56;61000000,0;33;2,0;13,0;Tecidos. Vestuário e Calçados;Fios e Tecidos;Consumo Cíclico
489;T4F ENTRETENIMENTO S.A.;SHOW3;2,05;8,78;;0,9;2,19;0,2;-0,27;26,58;15,48;3,86;0,34;4,83;-0,64;0,58;10,3;2,25;33,65;-1,02;-2,46;0,22;0,77;1,06;-0,04;-12,84;-18,71;396256,32;2,27;0,23;138195889,45;40;2,0;15,0;Viagens e Lazer;Produção de Eventos e Shows;Consumo Cíclico
188;SCHULZ S.A.;SHUL3;111,89;129,2;0,19;31,86;112,72;16,67;52,1;27,03;17,56;15,32;19,79;42,23;-48,65;0,84;24,66;12,9;16,38;-0,02;-0,06;0,52;0,48;2,5;5,47;24,97;50,47;;3,51;0,87;18503239734,84;9;1,0;3,0;Máquinas e Equipamentos;Motores . Compressores e Outros;Bens Industriais
188;SCHULZ S.A.;SHUL4;6,88;7,99;3,32;1,97;6,97;1,03;52,1;27,03;17,56;15,32;1,22;2,61;-3,01;0,84;24,66;12,9;16,38;-0,02;-0,06;0,52;0,48;2,5;0,34;24,97;50,47;2404387,29;3,51;0,87;18503239734,84;9;1,0;3,0;Máquinas e Equipamentos;Motores . Compressores e Outros;Bens Industriais
210;SIMPAR S.A.;SIMH3;8,63;140,62;0,22;2,09;1,32;0,12;7,3;28,13;18,02;0,17;0,24;0,87;-0,17;0,49;1,48;0,08;10,67;9,48;5,98;0,06;0,89;1,75;-1,56;27,43;;26283489,32;4,17;0,06;7310916966,48;53;4,0;23,0;Holdings Diversificadas;Holdings Diversificadas;Financeiro e Outros
283;SLC AGRICOLA S.A.;SLCE3;18,77;7,24;7,2;1,6;3,52;0,5;4,97;31,62;24,57;11,95;0,87;2,12;-0,97;0,58;22,13;6,95;18,45;0,66;1,45;0,31;0,67;1,97;-0,52;34,0;26,41;60708196,19;11,72;2,59;8330165363,64;42;3,0;16,0;Agropecuária;Agricultura;Consumo não Cíclico
220;SARAIVA S.A. LIVREIROS EDITORES;SLED3;3,21;0,45;;-0,08;0,56;0,48;0,95;47,85;73,94;92,71;0,42;-0,2;-0,72;1,15;-18,07;107,04;-15,91;;0,65;-5,92;6,92;0,12;-0,02;-45,03;;4387,67;-39,57;7,15;16497692,59;21;2,0;8,0;Comércio;Produtos Diversos;Consumo Cíclico
220;SARAIVA S.A. LIVREIROS EDITORES;SLED4;1,6;0,22;;-0,04;0,28;0,24;0,95;47,85;73,94;92,71;0,21;-0,1;-0,36;1,15;-18,07;107,04;-15,91;;0,65;-5,92;6,92;0,12;-0,01;-45,03;;207054,67;-39,57;7,15;16497692,59;21;2,0;8,0;Comércio;Produtos Diversos;Consumo Cíclico
569;SMARTFIT ESCOLA DE GINÁSTICA E DANÇA S.A.;SMFT3;25,19;32,59;1,4;3,13;21,29;1,12;22,35;40,84;32,69;21,35;6,96;13,36;-1,52;0,16;9,59;3,43;7,57;0,15;1,01;0,36;0,64;1,47;-0,12;31,49;;56285725,39;8,04;0,77;14773305682,8;101;2,0;15,0;Viagens e Lazer;Atividades Esportivas;Consumo Cíclico
249;SMILES FIDELIDADE S.A.;SMLS3;22,4;10,78;;4,09;10,17;1,02;9,93;85,18;41,42;39,07;4,21;18,78;-2,54;0,24;37,96;9,43;24,47;-0,1;-0,24;0,25;0,75;1,1;-0,33;;;;5,47;2,08;2781160547,2;25;2,0;10,0;Diversos;Programas de Fidelização;Consumo Cíclico
286;SAO MARTINHO S.A.;SMTO3;26,72;7,8;4,62;1,61;4,03;0,51;6,82;30,78;37,91;19,59;1,53;3,1;-0,72;0,33;20,63;6,48;13,31;1,11;2,79;0,31;0,69;2,17;-0,77;14,04;19,93;57725379,1;16,7;3,45;9505204183,65;43;3,0;17,0;Alimentos Processados;Açucar e Alcool;Consumo não Cíclico
380;SANSUY S.A. INDUSTRIA DE PLASTICOS;SNSY3;9,0;-0,2;;-0,03;1,02;0,11;3,75;25,14;6,63;-33,1;0,07;3,94;-0,28;1,7;-15,19;-56,19;-3,24;;2,23;-3,7;4,73;1,05;0,0;16,67;;16715,3;-245,68;-37,32;87629730,4;66;5,0;31,0;Materiais Diversos;Materiais Diversos;Materiais Básicos
380;SANSUY S.A. INDUSTRIA DE PLASTICOS;SNSY5;4,46;-0,12;;-0,02;0,59;0,07;3,75;25,14;6,63;-33,1;0,04;2,28;-0,16;1,7;-15,19;-56,19;-3,24;;2,23;-3,7;4,73;1,05;0,0;16,67;;60085,39;-245,68;-37,32;87629730,4;66;5,0;31,0;Materiais Diversos;Materiais Diversos;Materiais Básicos
380;SANSUY S.A. INDUSTRIA DE PLASTICOS;SNSY6;13,33;-0,36;;-0,05;1,78;0,2;3,75;25,14;6,63;-33,1;0,12;6,92;-0,49;1,7;-15,19;-56,19;-3,24;;2,23;-3,7;4,73;1,05;-0,01;16,67;;;-245,68;-37,32;87629730,4;66;5,0;31,0;Materiais Diversos;Materiais Diversos;Materiais Básicos
768;BOA SAFRA SEMENTES S.A.;SOJA3;16,08;9,76;5,99;2,03;8,16;0,75;7,79;15,15;11,93;9,98;0,97;1,84;-2,73;0,77;20,81;7,66;10,68;-0,1;-0,4;0,37;0,5;2,27;0,21;53,23;;3338186,71;7,89;1,64;1883616442,08;42;3,0;16,0;Agropecuária;Agricultura;Consumo não Cíclico
614;GRUPO DE MODA SOMA S.A.;SOMA3;7,1;18,41;1,41;0,74;13,28;0,52;16,07;56,57;8,12;5,86;1,08;3,87;-0,76;0,49;4,0;2,84;3,69;0,15;2,72;0,71;0,29;1,76;-27,74;36,69;30,81;114994107,68;9,73;0,39;5658028559,33;22;2,0;8,0;Comércio;Tecidos. Vestuário e Calçados;Consumo Cíclico
165;SONDOTECNICA ENGENHARIA SOLOS S.A.;SOND3;46,01;9,09;12,04;1,97;4,21;1,17;3,95;39,48;15,86;7,34;0,67;3,45;-3,02;1,76;21,62;12,89;25,53;-0,45;-0,97;0,6;0,4;2,25;-0,89;23,5;31,16;;23,41;5,06;132278741,0;3;1,0;2,0;Construção e Engenharia;Engenharia Consultiva;Bens Industriais
165;SONDOTECNICA ENGENHARIA SOLOS S.A.;SOND5;54,0;10,67;11,29;2,31;4,94;1,38;3,95;39,48;15,86;7,34;0,78;4,05;-3,54;1,76;21,62;12,89;25,53;-0,45;-0,97;0,6;0,4;2,25;-1,05;23,5;31,16;10800,0;23,41;5,06;132278741,0;3;1,0;2,0;Construção e Engenharia;Engenharia Consultiva;Bens Industriais
165;SONDOTECNICA ENGENHARIA SOLOS S.A.;SOND6;57,99;11,46;10,51;2,48;5,3;1,48;3,95;39,48;15,86;7,34;0,84;4,35;-3,8;1,76;21,62;12,89;25,53;-0,45;-0,97;0,6;0,4;2,25;-1,12;23,5;31,16;11408,5;23,41;5,06;132278741,0;3;1,0;2,0;Construção e Engenharia;Engenharia Consultiva;Bens Industriais
323;SPRINGER S.A.;SPRI3;21,72;-3,32;;2,45;-3,0;2,36;-2,46;;;;;4,61;-4,93;0,0;-73,82;-71,18;-81,66;-0,14;0,17;0,96;0,04;66,47;-0,01;;;;8,86;-6,54;48073731,88;53;;;;;
323;SPRINGER S.A.;SPRI5;8,52;-1,3;;0,96;-1,18;0,93;-2,46;;;;;1,81;-1,93;0,0;-73,82;-71,18;-81,66;-0,14;0,17;0,96;0,04;66,47;0,0;;;;8,86;-6,54;48073731,88;53;;;;;
323;SPRINGER S.A.;SPRI6;11,0;-1,68;;1,24;-1,52;1,2;-2,46;;;;;2,34;-2,49;0,0;-73,82;-71,18;-81,66;-0,14;0,17;0,96;0,04;66,47;0,0;;;;8,86;-6,54;48073731,88;53;;;;;
354;LONGDIS S.A.;SPRT3B;76,4;1090,85;;6770,92;772,64;5953,08;772,51;;;;;6770,92;;0,0;620,7;545,73;876,33;-1,14;-0,13;0,88;0,12;8,28;-8,9;;;;0,01;0,07;370531748,8;57;4,0;25,0;Outros;Outros;Financeiro e Outros
434;SINQIA S.A.;SQIA3;27,37;-110,33;0,2;3,7;55,72;1,49;60,18;42,19;6,45;-3,26;3,59;25,87;-1,84;0,41;-3,35;-1,35;3,18;0,3;4,46;0,4;0,58;1,43;0,44;35,51;;39651585,0;7,4;-0,25;2406971773,64;82;8,0;41,0;Programas e Serviços;Programas e Serviços;Tecnologia da Informação
835;SERENA ENERGIA S.A.;SRNA3;9,4;113,26;;1,15;7,13;0,33;17,67;32,08;29,57;1,86;2,11;-2,5;-0,37;0,15;1,02;0,29;5,17;1,71;10,54;0,28;0,72;0,48;;;;9287201,06;8,16;0,08;5859894531,96;85;10,0;44,0;Energia Elétrica;Energia Elétrica;Utilidade Pública
200;SANTOS BRASIL PARTICIPACOES S.A.;STBP3;9,23;19,83;4,29;3,64;12,87;1,74;12,64;46,64;31,99;20,77;4,12;34,97;-2,15;0,42;18,36;8,77;19,96;-0,07;-0,24;0,48;0,52;1,35;-15,03;18,58;;32366502,0;2,54;0,47;7976292505,87;14;1,0;6,0;Transporte;Serviços de Apoio e Armazenagem;Bens Industriais
570;STATKRAFT ENERGIAS RENOVAVEIS S.A.;STKF3;0,0;0,0;;0,0;0,0;0,0;2,81;52,55;42,44;41,5;0,0;0,0;0,0;0,17;10,84;7,05;6,09;0,31;2,81;0,65;0,35;1,72;0,0;22,63;114,96;;5,7;0,62;0,0;101;2,0;15,0;Viagens e Lazer;Atividades Esportivas;Consumo Cíclico
179;STARA S.A. - INDÚSTRIA DE IMPLEMENTOS AGRÍCOLAS;STTR3;0,0;0,0;;0,0;0,0;0,0;-0,22;31,37;17,25;14,11;0,0;0,0;0,0;1,27;32,1;17,86;25,38;-0,09;-0,22;0,56;0,44;2,46;0,0;22,02;;;2,91;0,94;0,0;7;1,0;3,0;Máquinas e Equipamentos;Máq. e Equip. Construção e Agrícolas;Bens Industriais
362;SUL AMERICA S.A.;SULA11;22,25;52,23;;1,13;-12,92;0,31;6,54;4,25;-3,34;0,83;0,43;0,85;-0,91;0,73;2,17;0,6;-8,72;-1,71;19,47;0,28;0,72;2,29;-0,94;4,58;-23,56;;19,64;0,43;9475042424,17;59;4,0;26,0;Previdência e Seguros;Seguradoras;Financeiro e Outros
362;SUL AMERICA S.A.;SULA3;7,43;52,32;;1,13;-12,95;0,31;6,54;4,25;-3,34;0,83;0,43;0,85;-0,91;0,73;2,17;0,6;-8,72;-1,71;19,47;0,28;0,72;2,29;-0,95;4,58;-23,56;;6,55;0,14;9475042424,17;59;4,0;26,0;Previdência e Seguros;Seguradoras;Financeiro e Outros
362;SUL AMERICA S.A.;SULA4;7,63;53,73;;1,17;-13,3;0,32;6,54;4,25;-3,34;0,83;0,44;0,88;-0,93;0,73;2,17;0,6;-8,72;-1,71;19,47;0,28;0,72;2,29;-0,97;4,58;-23,56;;6,55;0,14;9475042424,17;59;4,0;26,0;Previdência e Seguros;Seguradoras;Financeiro e Outros
378;SUZANO S.A.;SUZB3;52,68;4,1;2,2;1,67;4,27;0,49;7,82;42,65;37,39;38,93;1,6;2,84;-0,68;0,31;40,79;12,03;9,58;1,39;3,55;0,29;0,7;2,82;-0,62;36,49;56,62;228185436,0;31,54;12,86;69900168895,85;65;5,0;30,0;Madeira e Papel;Papel e Celulose;Materiais Básicos
307;SYN PROP E TECH S.A.;SYNE3;4,4;-17,28;;0,45;4,95;0,17;9,89;50,09;32,3;-9,25;1,6;2,09;-0,19;0,11;-2,6;-0,97;2,94;0,45;4,94;0,38;0,36;4,01;0,17;1,23;;1493119,61;9,9;-0,26;677741335,8;51;4,0;22,0;Exploração de Imóveis;Exploração de Imóveis;Financeiro e Outros
480;TRANSMISSORA ALIANÇA DE ENERGIA ELÉTRICA S.A.;TAEE11;37,36;11,25;6,0;1,93;6,98;0,66;11,53;68,87;71,85;44,57;5,01;4,83;-0,85;0,13;17,2;5,89;10,64;1,26;4,55;0,34;0,66;2,71;-0,29;19,43;12,03;52968719,32;19,31;3,32;12870479165,52;85;10,0;44,0;Energia Elétrica;Energia Elétrica;Utilidade Pública
480;TRANSMISSORA ALIANÇA DE ENERGIA ELÉTRICA S.A.;TAEE3;12,35;11,17;6,04;1,92;6,93;0,66;11,53;68,87;71,85;44,57;4,98;4,8;-0,84;0,13;17,2;5,89;10,64;1,26;4,55;0,34;0,66;2,71;-0,29;19,43;12,03;1347572,58;6,44;1,11;12870479165,52;85;10,0;44,0;Energia Elétrica;Energia Elétrica;Utilidade Pública
480;TRANSMISSORA ALIANÇA DE ENERGIA ELÉTRICA S.A.;TAEE4;12,52;11,32;5,96;1,95;7,02;0,67;11,53;68,87;71,85;44,57;5,04;4,86;-0,85;0,13;17,2;5,89;10,64;1,26;4,55;0,34;0,66;2,71;-0,3;19,43;12,03;2544775,42;6,44;1,11;12870479165,52;85;10,0;44,0;Energia Elétrica;Energia Elétrica;Utilidade Pública
177;TAURUS ARMAS S.A.;TASA3;14,74;8,05;9,49;1,68;5,37;0,86;6,41;38,11;17,69;11,8;0,95;3,82;-2,08;0,9;20,87;10,66;14,49;0,33;1,04;0,51;0,49;1,62;-0,13;29,58;;285282,58;8,75;1,83;1862328071,0;6;1,0;3,0;Máquinas e Equipamentos;Armas e Munições;Bens Industriais
177;TAURUS ARMAS S.A.;TASA4;14,69;8,05;9,49;1,68;5,37;0,86;6,41;38,11;17,69;11,8;0,95;3,82;-2,08;0,9;20,87;10,66;14,49;0,33;1,04;0,51;0,49;1,62;-0,13;29,58;;4850998,61;8,75;1,83;1862328071,0;6;1,0;3,0;Máquinas e Equipamentos;Armas e Munições;Bens Industriais
166;TECNOSOLO ENGENHARIA S.A.;TCNO3;1,2;-7,52;;-8,4;-6,81;0,03;-34,51;;;;;-0,08;-0,04;0,0;-111,63;-0,45;-3,55;;-28,98;0,0;1,0;0,28;-0,28;;;;-0,14;-0,16;6451072,5;3;1,0;2,0;Construção e Engenharia;Engenharia Consultiva;Bens Industriais
166;TECNOSOLO ENGENHARIA S.A.;TCNO4;0,85;-5,33;;-5,95;-4,82;0,02;-34,51;;;;;-0,06;-0,03;0,0;-111,63;-0,45;-3,55;;-28,98;0,0;1,0;0,28;-0,2;;;;-0,14;-0,16;6451072,5;3;1,0;2,0;Construção e Engenharia;Engenharia Consultiva;Bens Industriais
242;TECNISA S.A.;TCSA3;3,44;15,33;;0,43;6,97;0,16;21,88;13,97;8,98;4,08;0,63;0,48;-0,34;0,26;2,79;1,07;1,99;0,92;14,91;0,38;0,62;2,97;-0,13;-5,08;;718276,39;8,03;0,22;253250151,2;23;2,0;9,0;Construção Civil;Incorporações;Consumo Cíclico
260;TECHNOS S.A.;TECN3;3,55;4,83;2,28;0,67;4,31;0,39;4,02;55,0;17,3;15,45;0,75;0,78;-1,13;0,52;13,89;8,11;11,06;-0,05;-0,3;0,58;0,42;4,3;0,11;0,65;;399594,87;5,36;0,74;255262374,0;31;2,0;13,0;Tecidos. Vestuário e Calçados;Acessórios;Consumo Cíclico
269;TEKA-TECELAGEM KUEHNRICH S.A.;TEKA3;8,23;-0,03;;0,0;-0,04;0,0;-5,6;19,2;-34,33;-52,84;0,01;0,0;0,0;0,25;-7,43;-13,24;6,67;;-5,52;-1,78;2,78;0,04;0,0;15,05;;;-4039,83;-299,99;8291236,85;33;2,0;13,0;Tecidos. Vestuário e Calçados;Fios e Tecidos;Consumo Cíclico
269;TEKA-TECELAGEM KUEHNRICH S.A.;TEKA4;20,4;-0,07;;-0,01;-0,11;0,01;-5,6;19,2;-34,33;-52,84;0,04;0,0;-0,01;0,25;-7,43;-13,24;6,67;;-5,52;-1,78;2,78;0,04;0,0;15,05;;120935,64;-4039,83;-299,99;8291236,85;33;2,0;13,0;Tecidos. Vestuário e Calçados;Fios e Tecidos;Consumo Cíclico
437;TELEC BRASILEIRAS S.A. TELEBRAS;TELB3;15,46;-19,67;;0,84;-85,92;0,33;-8,79;-49,89;-3,91;-17,09;3,36;1,04;-0,55;0,1;-4,28;-1,68;-0,91;-0,71;72,79;0,39;0,61;4,96;0,36;36,54;;65364,39;18,37;-0,79;1268111154,34;83;9,0;42,0;Telecomunicações;Telecomunicações;Comunicações
437;TELEC BRASILEIRAS S.A. TELEBRAS;TELB4;11,8;-15,01;;0,64;-65,58;0,25;-8,79;-49,89;-3,91;-17,09;2,57;0,79;-0,42;0,1;-4,28;-1,68;-0,91;-0,71;72,79;0,39;0,61;4,96;0,27;36,54;;114639,13;18,37;-0,79;1268111154,34;83;9,0;42,0;Telecomunicações;Telecomunicações;Comunicações
228;CONSTRUTORA TENDA S.A.;TEND3;9,96;-28,07;;1,81;57,79;0,29;93,5;20,36;3,26;-6,71;1,88;6,2;-0,51;0,16;-6,46;-1,05;0,49;1,12;35,71;0,16;0,84;1,12;0,3;-17,27;;51237925,42;5,5;-0,35;1226018690,16;23;2,0;9,0;Construção Civil;Incorporações;Consumo Cíclico
284;TERRA SANTA AGRO S.A.;TESA3;48,0;-13,3;;1,62;10,73;0,52;17,39;15,86;9,39;-7,58;1,01;-11,1;-0,74;0,52;-12,18;-3,94;3,93;1,01;6,66;0,32;0,68;0,86;0,83;7,32;;;29,64;-3,61;1389696672,0;42;3,0;16,0;Agropecuária;Agricultura;Consumo não Cíclico
645;TRACK & FIELD CO S.A.;TFCO4;14,16;118,1;0,76;34,39;93,11;21,64;16,05;58,03;22,31;17,59;20,77;44,59;-74,8;1,04;29,11;18,32;25,18;0,14;0,38;0,63;0,37;3,15;6,72;22,58;27,5;1851247,58;0,41;0,12;2261606901,24;22;2,0;8,0;Comércio;Tecidos. Vestuário e Calçados;Consumo Cíclico
211;TEGMA GESTAO LOGISTICA S.A.;TGMA3;26,11;9,22;4,48;2,1;7,53;1,48;7,14;19,68;14,88;12,15;1,12;4,34;-2,93;1,32;22,82;16,04;17,56;-0,11;-0,39;0,7;0,3;3,2;0,22;4,8;12,51;8370181,1;12,42;2,83;1724656168,95;18;1,0;6,0;Transporte;Transporte Rodoviário;Bens Industriais
444;AES TIETE ENERGIA SA;TIET11;12,54;4,38;;2,25;3,51;0,46;7,15;74,66;61,76;49,46;2,16;1031,49;-0,52;0,21;51,45;10,47;13,16;2,34;3,64;0,2;0,72;1,0;0,02;-5,19;23,78;;5,57;2,87;5004795800,93;85;10,0;44,0;Energia Elétrica;Energia Elétrica;Utilidade Pública
444;AES TIETE ENERGIA SA;TIET3;3,49;6,09;;3,13;4,88;0,64;7,15;74,66;61,76;49,46;3,01;1435,37;-0,72;0,21;51,45;10,47;13,16;2,34;3,64;0,2;0,72;1,0;0,03;-5,19;23,78;;1,11;0,57;5004795800,93;85;10,0;44,0;Energia Elétrica;Energia Elétrica;Utilidade Pública
444;AES TIETE ENERGIA SA;TIET4;3,51;6,13;;3,15;4,91;0,64;7,15;74,66;61,76;49,46;3,03;1443,59;-0,72;0,21;51,45;10,47;13,16;2,34;3,64;0,2;0,72;1,0;0,03;-5,19;23,78;;1,11;0,57;5004795800,93;85;10,0;44,0;Energia Elétrica;Energia Elétrica;Utilidade Pública
439;TIM PARTICIPACOES S.A.;TIMS3;17,33;18,28;5,25;1,64;10,46;0,75;10,56;51,02;17,14;9,81;1,79;-14,55;-0,93;0,42;8,97;4,1;12,16;0,02;0,1;0,46;0,54;0,79;2,7;5,81;13,18;102666692,42;10,56;0,95;41928332173,36;83;9,0;42,0;Telecomunicações;Telecomunicações;Comunicações
395;TEKNO S.A. - INDUSTRIA E COMERCIO;TKNO3;69,63;7,65;;0,73;5,43;0,58;4,01;21,8;14,53;10,3;0,79;1,53;-1,28;0,73;9,55;7,56;11,32;-0,16;-1,21;0,79;0,21;3,23;-0,16;19,94;;;95,24;9,1;197595218,63;73;5,0;34,0;Siderurgia e Metalurgia;Artefatos de Ferro e Aço;Materiais Básicos
395;TEKNO S.A. - INDUSTRIA E COMERCIO;TKNO4;64,0;7,04;4,92;0,67;4,99;0,53;4,01;21,8;14,53;10,3;0,72;1,4;-1,18;0,73;9,55;7,56;11,32;-0,16;-1,21;0,79;0,21;3,23;-0,14;19,94;;14140,0;95,24;9,1;197595218,63;73;5,0;34,0;Siderurgia e Metalurgia;Artefatos de Ferro e Aço;Materiais Básicos
435;TOTVS S.A.;TOTS3;31,86;25,73;1,38;4,18;26,89;2,25;25,05;70,36;17,31;18,09;4,65;7,71;-4,01;0,48;16,23;8,73;8,68;-0,29;-1,84;0,54;0,43;2,97;0,41;11,23;52,41;99265947,06;7,64;1,24;19675799810,28;82;8,0;41,0;Programas e Serviços;Programas e Serviços;Tecnologia da Informação
277;TEC TOY S.A.;TOYB3;2,29;-43,94;;-4,97;-45,0;4,03;-47,62;24,06;-10,7;-10,96;4,81;-5,93;-11,89;0,84;-11,31;-9,18;11,93;;-0,63;-0,81;1,81;0,49;0,47;-33,11;;;-0,46;-0,05;71890222,22;39;2,0;15,0;Viagens e Lazer;Brinquedos e Jogos;Consumo Cíclico
277;TEC TOY S.A.;TOYB4;2,5;-47,96;;-5,43;-49,12;4,4;-47,62;24,06;-10,7;-10,96;5,26;-6,47;-12,98;0,84;-11,31;-9,18;11,93;;-0,63;-0,81;1,81;0,49;0,52;-33,11;;;-0,46;-0,05;71890222,22;39;2,0;15,0;Viagens e Lazer;Brinquedos e Jogos;Consumo Cíclico
584;TPI - TRIUNFO PARTICIP. E INVEST. S.A.;TPIS3;4,12;-2,92;;0,21;-17,98;0,06;-167,95;10,26;-1,06;-6,5;0,19;-0,48;-0,07;0,34;-7,27;-2,2;-4,18;1,77;-149,96;0,3;0,7;0,27;0,0;-5,55;;155401,61;19,5;-1,42;182160000,0;13;1,0;6,0;Transporte;Exploração de Rodovias;Bens Industriais
793;TC TRADERS CLUB S.A.;TRAD3;0,78;-1,88;;0,45;-2,79;0,42;-1,43;26,23;-137,01;-203,14;3,82;1,9;-0,59;0,11;-24,05;-22,54;-18,15;-0,22;1,36;0,94;0,06;4,63;-0,02;;;667356,32;1,7;-0,41;215713296,26;82;8,0;41,0;Programas e Serviços;Programas e Serviços;Tecnologia da Informação
243;TRISUL S.A.;TRIS3;4,94;8,57;2,8;0,69;3,13;0,34;5,75;24,05;30,15;11,03;0,95;0,7;-1,37;0,36;8,01;3,96;11,1;0,57;2,61;0,49;0,49;2,82;0,1;11,47;24,98;3863642,06;7,14;0,57;914425936,2;23;2,0;9,0;Construção Civil;Incorporações;Consumo Cíclico
465;CTEEP - CIA TRANSMISSÃO ENERGIA ELÉTRICA PAULISTA;TRPL3;37,1;10,35;5,94;1,36;6,78;0,7;7,62;59,76;62,57;41,02;4,24;8,81;-0,83;0,16;13,14;6,72;11,65;0,4;2,0;0,51;0,47;1,9;-1,21;15,07;11,59;106127,52;27,28;3,59;20230632616,68;85;10,0;44,0;Energia Elétrica;Energia Elétrica;Utilidade Pública
465;CTEEP - CIA TRANSMISSÃO ENERGIA ELÉTRICA PAULISTA;TRPL4;26,57;7,42;8,29;0,97;4,86;0,5;7,62;59,76;62,57;41,02;3,04;6,32;-0,6;0,16;13,14;6,72;11,65;0,4;2,0;0,51;0,47;1,9;-0,87;15,07;11,59;89499436,77;27,28;3,59;20230632616,68;85;10,0;44,0;Energia Elétrica;Energia Elétrica;Utilidade Pública
366;TARPON INVESTIMENTOS S.A.;TRPN3;0,71;0,44;;0,54;0,37;0,4;-0,36;100,0;71,7;59,29;0,26;0,59;-6,13;1,52;122,35;90,0;90,82;-1,07;-0,72;0,74;0,26;3,61;0,0;-0,48;-0,38;;1,31;1,6;32162716,0;61;;;;;
786;TRÊS TENTOS AGROINDUSTRIAL SA;TTEN3;11,73;9,34;0,98;1,84;10,61;0,88;10,82;14,89;6,79;7,71;0,72;3,99;-2,48;1,23;19,74;9,46;9,54;0,04;0,21;0,48;0,52;1,52;0,43;;;17181717,68;6,37;1,26;5850014375,78;42;3,0;16,0;Agropecuária;Agricultura;Consumo não Cíclico
196;TUPY S.A.;TUPY3;26,32;9,31;3,82;1,16;4,86;0,38;7,74;17,23;6,88;3,59;0,33;1,18;-0,98;1,13;12,47;4,08;9,94;0,69;2,88;0,33;0,67;2,1;-0,45;22,39;21,58;16158865,16;22,67;2,83;3794751800,0;11;1,0;4,0;Material de Transporte;Material Rodoviário;Bens Industriais
270;TEXTIL RENAUXVIEW S.A.;TXRX3;4,2;-0,6;;-0,05;54,21;0,08;946,91;19,35;0,21;-18,7;0,11;-0,09;-0,16;0,76;-8,34;-14,16;-0,47;;905,7;-1,7;2,7;0,32;-0,01;20,12;;840,0;-84,48;-7,05;13600882,86;33;2,0;13,0;Tecidos. Vestuário e Calçados;Fios e Tecidos;Consumo Cíclico
270;TEXTIL RENAUXVIEW S.A.;TXRX4;2,67;-0,38;;-0,03;34,46;0,05;946,91;19,35;0,21;-18,7;0,07;-0,05;-0,1;0,76;-8,34;-14,16;-0,47;;905,7;-1,7;2,7;0,32;-0,01;20,12;;14451,9;-84,48;-7,05;13600882,86;33;2,0;13,0;Tecidos. Vestuário e Calçados;Fios e Tecidos;Consumo Cíclico
272;UNICASA INDÚSTRIA DE MÓVEIS S.A.;UCAS3;2,71;13,15;;0,91;20,08;0,59;17,87;34,76;4,03;6,15;0,81;31,88;-0,86;0,73;6,91;4,47;4,06;-0,1;-2,2;0,65;0,35;1,06;-0,21;9,24;;151327,32;2,98;0,21;179094046,44;36;2,0;14,0;Utilidades Domésticas;Móveis;Consumo Cíclico
411;ULTRAPAR PARTICIPACOES S.A.;UGPA3;27,21;14,07;1,28;2,4;7,28;0,84;9,12;6,77;3,25;1,68;0,24;3,76;-1,66;3,53;17,03;5,94;12,14;0,6;1,83;0,35;0,64;1,81;0,24;12,42;6,56;131250096,74;11,39;1,94;30434148852,1;76;6,0;35,0;Petróleo. Gás e Biocombustíveis;Exploração. Refino e Distribuição;Petróleo. Gás e Biocombustíveis
390;UNIPAR CARBOCLORO S.A.;UNIP3;67,02;8,98;4,72;2,48;5,88;1,12;5,96;35,74;20,79;13,63;1,22;5,47;-1,96;0,92;27,61;12,51;15,5;-0,09;-0,22;0,45;0,54;1,92;-0,15;19,21;20,7;1065991,0;27,04;7,47;7313806216,27;71;5,0;33,0;Químicos;Químicos Diversos;Materiais Básicos
390;UNIPAR CARBOCLORO S.A.;UNIP5;77,51;10,38;4,58;2,87;6,81;1,3;5,96;35,74;20,79;13,63;1,42;6,33;-2,27;0,92;27,61;12,51;15,5;-0,09;-0,22;0,45;0,54;1,92;-0,18;19,21;20,7;21630,5;27,04;7,47;7313806216,27;71;5,0;33,0;Químicos;Químicos Diversos;Materiais Básicos
390;UNIPAR CARBOCLORO S.A.;UNIP6;72,23;9,68;4,82;2,67;6,34;1,21;5,96;35,74;20,79;13,63;1,32;5,9;-2,11;0,92;27,61;12,51;15,5;-0,09;-0,22;0,45;0,54;1,92;-0,17;19,21;20,7;12650759,71;27,04;7,47;7313806216,27;71;5,0;33,0;Químicos;Químicos Diversos;Materiais Básicos
400;USINAS SID DE MINAS GERAIS S.A.;USIM3;8,0;-27,64;3,74;0,43;-16,81;0,25;-17,8;8,47;-2,09;-1,27;0,35;0,75;-0,47;0,71;-1,55;-0,9;-2,06;0,01;-0,58;0,58;0,35;3,43;0,26;24,78;;6866838,61;18,71;-0,29;10265672970,56;74;5,0;34,0;Siderurgia e Metalurgia;Siderurgia;Materiais Básicos
400;USINAS SID DE MINAS GERAIS S.A.;USIM5;8,47;-29,16;3,9;0,45;-17,73;0,26;-17,8;8,47;-2,09;-1,27;0,37;0,79;-0,5;0,71;-1,55;-0,9;-2,06;0,01;-0,58;0,58;0,35;3,43;0,27;24,78;;82781813,19;18,71;-0,29;10265672970,56;74;5,0;34,0;Siderurgia e Metalurgia;Siderurgia;Materiais Básicos
400;USINAS SID DE MINAS GERAIS S.A.;USIM6;16,28;-56,25;2,02;0,87;-34,2;0,51;-17,8;8,47;-2,09;-1,27;0,72;1,52;-0,96;0,71;-1,55;-0,9;-2,06;0,01;-0,58;0,58;0,35;3,43;0,52;24,78;;2839,17;18,71;-0,29;10265672970,56;74;5,0;34,0;Siderurgia e Metalurgia;Siderurgia;Materiais Básicos
384;VALE S.A.;VALE3;70,05;6,68;8,7;1,67;4,95;0,71;5,73;40,12;31,07;23,03;1,54;61,57;-0,85;0,46;24,99;10,66;21,26;0,26;0,78;0,43;0,56;1,08;-0,12;15,85;21,94;1458996720,23;41,9;10,47;317185849690,4;67;5,0;32,0;Mineração;Minerais Metálicos;Materiais Básicos
672;VAMOS LOCAÇÃO DE CAMINHÕES. MÁQUINAS E EQUIP. S.A.;VAMO3;8,88;15,29;3,76;2,02;4,78;0,51;9,01;44,4;34,31;10,72;1,64;3,48;-0,72;0,31;13,24;3,36;13,27;1,79;4,23;0,25;0,75;2,03;0,72;64,03;51,58;65252615,9;4,42;0,58;9872661646,86;7;1,0;3,0;Máquinas e Equipamentos;Máq. e Equip. Construção e Agrícolas;Bens Industriais
407;VIBRA ENERGIA S.A.;VBBR3;22,03;12,62;1,95;1,9;6,33;0,63;8,68;4,58;2,47;1,24;0,16;2,03;-1,37;4,01;15,01;4,97;11,75;0,71;2,36;0,33;0,67;2,31;6,46;16,5;12,07;235177988,9;11,64;1,75;25688250000,0;76;6,0;35,0;Petróleo. Gás e Biocombustíveis;Exploração. Refino e Distribuição;Petróleo. Gás e Biocombustíveis
803;VITTIA FERTILIZANTES E BIOLOGICOS S.A.;VITT3;9,02;12,07;1,05;2,08;11,4;1,41;12,58;37,83;15,21;14,38;1,73;3,59;-3,76;0,81;17,27;11,65;13,41;0,22;1,18;0,67;0,33;2,67;-0,48;;;2205248,81;4,32;0,75;1288872454,07;69;5,0;33,0;Químicos;Fertilizantes e Defensivos;Materiais Básicos
520;VIVARA PARTICIPAÇOES S.A;VIVA3;35,09;21,67;1,03;4,42;18,77;2,74;18,92;69,55;21,53;18,65;4,04;7,17;-6,44;0,68;20,4;12,67;19,88;0,04;0,15;0,62;0,38;3,01;1,36;;;77162965,9;7,95;1,62;8295265647,28;31;2,0;13,0;Tecidos. Vestuário e Calçados;Acessórios;Consumo Cíclico
244;VIVER INCORPORADORA E CONSTRUTORA S.A.;VIVR3;5,09;-1,35;;6,96;-1,34;0,46;-1,29;24,2;-125,27;-123,97;1,68;22,68;-0,88;0,27;-514,44;-33,76;-264,18;-0,28;0,05;0,07;0,93;1,04;-0,01;83,05;;1990913,87;0,73;-3,76;139195359,61;23;2,0;9,0;Construção Civil;Incorporações;Consumo Cíclico
438;TELEFÔNICA BRASIL S.A;VIVT3;50,69;17,2;4,06;1,21;11,2;0,7;12,96;42,85;14,76;9,61;1,65;-51,01;-0,83;0,42;7,03;4,06;7,74;0,19;1,76;0,58;0,42;0,92;-1,57;2,14;1,12;97114008,77;41,92;2,95;83786229852,0;83;9,0;42,0;Telecomunicações;Telecomunicações;Comunicações
438;TELEFÔNICA BRASIL S.A;VIVT4;45,34;15,38;;1,08;10,02;0,62;12,96;42,85;14,76;9,61;1,48;-45,62;-0,74;0,42;7,03;4,06;7,74;0,19;1,76;0,58;0,42;0,92;-1,41;2,14;1,12;;41,92;2,95;83786229852,0;83;9,0;42,0;Telecomunicações;Telecomunicações;Comunicações
176;VALID SOLUÇÕES S.A.;VLID3;20,05;8,08;3,25;1,2;4,31;0,61;5,05;38,84;19,36;10,32;0,83;2,43;-1,23;0,73;14,9;7,56;14,76;0,21;0,74;0,51;0,48;2,0;0,01;3,6;48,87;10665908,35;16,6;2,47;1636727500,0;12;1,0;5,0;Serviços;Serviços Diversos;Bens Industriais
205;FERROVIA CENTRO-ATLANTICA S.A.;VSPT3;4,99;-0,32;;0,37;-0,49;0,11;-1,03;7,78;-44,27;-67,63;0,22;-2,01;-0,13;0,5;-116,54;-33,96;-62,87;0,41;-0,54;0,29;0,71;0,75;0,0;7,49;;;13,44;-15,66;712610842,16;16;1,0;6,0;Transporte;Transporte Ferroviário;Bens Industriais
205;FERROVIA CENTRO-ATLANTICA S.A.;VSPT4;0,0;0,0;;0,0;0,0;0,0;-1,03;7,78;-44,27;-67,63;0,0;0,0;0,0;0,5;-116,54;-33,96;-62,87;0,41;-0,54;0,29;0,71;0,75;0,0;7,49;;;13,44;-15,66;712610842,16;16;1,0;6,0;Transporte;Transporte Ferroviário;Bens Industriais
226;VESTE S.A. ESTILO;VSTE3;18,8;8,97;0,62;2,07;10,12;1,27;11,36;64,99;19,07;21,51;1,93;11,98;-1,87;0,66;23,13;14,12;7,46;0,25;1,24;0,61;0,39;1,48;-0,07;-3,13;-10,77;815987,5;9,07;2,1;2132426171,2;22;2,0;8,0;Comércio;Tecidos. Vestuário e Calçados;Consumo Cíclico
485;VULCABRAS/AZALEIA S.A.;VULC3;19,15;8,37;4,08;2,38;8,68;1,69;8,7;40,55;19,67;20,41;1,71;3,12;-5,64;0,99;28,43;20,16;21,21;0,01;0,02;0,71;0,29;4,39;0,12;14,97;24,47;10282420,16;8,07;2,3;4724051047,24;32;2,0;13,0;Tecidos. Vestuário e Calçados;Calçados;Consumo Cíclico
216;GRUPO CASAS BAHIA S.A.;VVAR11;14,58;-0,78;;0,31;-8,3;0,04;-47,57;28,99;-0,55;-5,91;0,05;-0,29;-0,07;0,94;-40,32;-5,54;-11,42;1,58;-41,99;0,14;0,86;0,74;0,0;3,76;;;46,63;-18,8;932766496,11;20;2,0;8,0;Comércio;Eletrodomésticos;Consumo Cíclico
216;GRUPO CASAS BAHIA S.A.;VVAR4;95,68;-5,09;;2,05;-54,48;0,28;-47,57;28,99;-0,55;-5,91;0,3;-1,92;-0,48;0,94;-40,32;-5,54;-11,42;1,58;-41,99;0,14;0,86;0,74;0,0;3,76;;;46,63;-18,8;932766496,11;20;2,0;8,0;Comércio;Eletrodomésticos;Consumo Cíclico
799;CM HOSPITALAR S.A.;VVEO3;12,12;24,09;;1,25;6,0;0,39;8,5;15,9;6,01;1,5;0,36;1,29;-0,97;1,08;5,17;1,62;9,84;0,52;2,5;0,31;0,69;2,04;-0,58;;;18625651,77;9,69;0,5;3899672944,64;80;7,0;39,0;Serv.Méd.Hospit..Análises e Diagnósticos;Serv.Méd.Hospit..Análises e Diagnósticos;Saúde
189;WEG S.A.;WEGE3;33,14;28,0;1,85;8,63;23,38;4,63;22,9;31,56;18,8;15,7;4,39;14,46;-14,91;1,05;30,82;16,52;25,44;-0,18;-0,48;0,54;0,45;1,86;0,7;25,71;34,19;178724473,39;3,84;1,18;139141091633,7;9;1,0;3,0;Máquinas e Equipamentos;Motores . Compressores e Outros;Bens Industriais
683;WESTWING COMERCIO VAREJISTA S.A.;WEST3;1,3;-2,33;;0,53;-1,76;0,39;-0,26;42,07;-38,84;-29,31;0,68;0,92;-1,05;0,58;-22,68;-16,91;-28,18;-0,45;1,5;0,75;0,25;3,16;-0,07;367,94;;139599,29;2,46;-0,56;143879572,2;21;2,0;8,0;Comércio;Produtos Diversos;Consumo Cíclico
217;WHIRLPOOL S.A.;WHRL3;4,19;17,67;5,66;2,46;7,03;0,66;6,48;16,27;8,15;3,24;0,57;10,55;-2,33;1,16;13,92;3,75;17,7;-0,25;-0,71;0,27;0,73;1,1;-0,52;12,32;-3,95;46558,58;1,7;0,24;6443639750,48;20;2,0;8,0;Comércio;Eletrodomésticos;Consumo Cíclico
217;WHIRLPOOL S.A.;WHRL4;4,55;18,98;8,32;2,64;7,55;0,71;6,48;16,27;8,15;3,24;0,62;11,33;-2,5;1,16;13,92;3,75;17,7;-0,25;-0,71;0,27;0,73;1,1;-0,56;12,32;-3,95;132474,71;1,7;0,24;6443639750,48;20;2,0;8,0;Comércio;Eletrodomésticos;Consumo Cíclico
356;WIZ CO PARTICIPAÇÕES E CORRETAGEM DE SEGUROS S.A.;WIZC3;6,44;10,62;6,89;2,25;2,65;0,45;2,92;58,84;37,07;9,26;0,98;-17,73;-0,58;0,46;21,18;4,24;22,73;0,22;0,26;0,2;0,59;0,9;-0,28;12,37;-9,41;3535798,03;2,87;0,61;1033001041,72;58;4,0;26,0;Previdência e Seguros;Corretoras de Seguros;Financeiro e Outros
162;WLM PART. E COMÉRCIO DE MÁQUINAS E VEÍCULOS S.A.;WLMM3;22,53;7,76;1,77;1,22;5,51;0,99;5,48;12,97;7,04;4,99;0,39;2,27;-2,26;2,56;15,77;12,8;15,79;-0,14;-0,61;0,81;0,19;4,54;-1,13;32,16;;6881,83;18,4;2,9;907138391,6;1;1,0;1,0;Comércio;Material de Transporte;Bens Industriais
162;WLM PART. E COMÉRCIO DE MÁQUINAS E VEÍCULOS S.A.;WLMM4;26,9;9,27;1,63;1,46;6,58;1,19;5,48;12,97;7,04;4,99;0,46;2,71;-2,7;2,56;15,77;12,8;15,79;-0,14;-0,61;0,81;0,19;4,54;-1,35;32,16;;18450,7;18,4;2,9;907138391,6;1;1,0;1,0;Comércio;Material de Transporte;Bens Industriais
252;ESTACIO PARTICIPACOES S.A.;YDUQ3;21,05;34,6;1,31;2,01;7,61;0,66;12,48;59,29;17,03;3,75;1,3;7,47;-0,9;0,51;5,81;1,92;9,55;1,29;4,87;0,33;0,67;1,52;-0,07;6,2;-15,03;61365649,58;10,48;0,61;6506320313,55;26;2,0;10,0;Diversos;Serviços Educacionais;Consumo Cíclico
256;ZAMP S.A.;ZAMP3;5,72;-13,68;;1,18;16,56;0,4;24,54;65,31;2,49;-3,02;0,41;59,21;-0,5;0,96;-8,65;-2,89;2,75;0,57;7,98;0,33;0,67;1,03;-0,25;15,36;;12628827,65;4,84;-0,42;1575033156,84;28;2,0;11,0;Hoteis e Restaurantes;Restaurante e Similares;Consumo Cíclico
